{"learner":{"attributes":{},"feature_names":["total_claims","inpatient_claims","outpatient_claims","total_reimb","avg_reimb","median_reimb","std_reimb","max_reimb","total_deductible","avg_deductible","inpt_outpt_ratio","claims_per_bene","unique_beneficiaries","avg_age","pct_deceased","pct_male","race_diversity","alzheimer_rate","heartfail_rate","kidney_rate","diabetes_rate","pct_bene_multiclaim","avg_diag_diversity","avg_proc_diversity","avg_days_between_claims","pct_high_value","pct_weekend","pct_all_diag_filled","pct_all_proc_filled"],"feature_types":["int","int","int","int","float","float","float","int","float","float","float","float","int","float","float","float","int","float","float","float","float","float","float","float","float","float","float","float","float"],"gradient_booster":{"model":{"gbtree_model_param":{"num_parallel_tree":"1","num_trees":"10"},"iteration_indptr":[0,1,2,3,4,5,6,7,8,9,10],"tree_info":[0,0,0,0,0,0,0,0,0,0],"trees":[{"base_weights":[-5.7277536E-1,-1.0389401E0,2.3348734E0,-1.1262524E0,-3.9266625E-1,4.6572024E-1,3.2566175E0,-3.4341285E-1,-1.1229606E-1,-1.8411379E-1,3.9844936E-1,-1.5901992E-1,5.1138955E-1,1.0725394E0,1.54368E-1],"categories":[],"categories_nodes":[],"categories_segments":[],"categories_sizes":[],"default_left":[0,0,0,0,0,0,0,0,0,0,0,0,0,0,0],"id":0,"left_children":[1,3,5,7,9,11,13,-1,-1,-1,-1,-1,-1,-1,-1],"loss_changes":[1.8375691E2,6.1026535E0,3.0860588E1,9.8220825E-1,6.6502814E0,1.0000115E1,9.006989E0,0E0,0E0,0E0,0E0,0E0,0E0,0E0,0E0],"parents":[2147483647,0,0,1,1,2,2,3,3,4,4,5,5,6,6],"right_children":[2,4,6,8,10,12,14,-1,-1,-1,-1,-1,-1,-1,-1],"split_conditions":[1.5592E5,5.7E3,3.4E4,2.8333333E0,1.5982906E0,1.5454545E0,1.226E2,-3.4341285E-1,-1.1229606E-1,-1.8411379E-1,3.9844936E-1,-1.5901992E-1,5.1138955E-1,1.0725394E0,1.54368E-1],"split_indices":[3,8,7,11,11,11,24,0,0,0,0,0,0,0,0],"split_type":[0,0,0,0,0,0,0,0,0,0,0,0,0,0,0],"sum_hessian":[1.3277994E2,1.1498743E2,1.7792513E1,1.00647194E2,1.4340234E1,6.373437E0,1.1419075E1,9.7726036E1,2.9211588E0,1.3277994E1,1.0622395E0,3.8506184E0,2.5228188E0,9.958495E0,1.4605794E0],"tree_param":{"num_deleted":"0","num_feature":"29","num_nodes":"15","size_leaf_vector":"1"}},{"base_weights":[-5.1144177E-1,-9.542518E-1,1.0508859E0,-1.0570868E0,-3.0051127E-1,4.1696307E-1,1.5289853E0,-3.311597E-1,-1.8224196E-1,-1.5939616E-1,3.9928824E-1,-4.306794E-2,5.066044E-1,-2.7143171E-2,5.537591E-1],"categories":[],"categories_nodes":[],"categories_segments":[],"categories_sizes":[],"default_left":[0,0,0,0,0,0,0,0,0,0,0,0,0,0,0],"id":1,"left_children":[1,3,5,7,9,11,13,-1,-1,-1,-1,-1,-1,-1,-1],"loss_changes":[8.298497E1,5.924881E0,7.438242E0,1.0086288E0,5.98596E0,9.388707E0,7.769596E0,0E0,0E0,0E0,0E0,0E0,0E0,0E0,0E0],"parents":[2147483647,0,0,1,1,2,2,3,3,4,4,5,5,6,6],"right_children":[2,4,6,8,10,12,14,-1,-1,-1,-1,-1,-1,-1,-1],"split_conditions":[1.5592E5,5.7E3,1.7857144E-2,5.882353E-3,1.6831683E0,7.402049E1,1.0481927E0,-3.311597E-1,-1.8224196E-1,-1.5939616E-1,3.9928824E-1,-4.306794E-2,5.066044E-1,-2.7143171E-2,5.537591E-1],"split_indices":[3,8,27,27,11,13,11,0,0,0,0,0,0,0,0],"split_type":[0,0,0,0,0,0,0,0,0,0,0,0,0,0,0],"sum_hessian":[1.17503105E2,9.185725E1,2.564586E1,7.8838745E1,1.3018506E1,1.1830995E1,1.3814865E1,7.009115E1,8.747596E0,1.199576E1,1.0227458E0,8.827359E0,3.003636E0,2.377698E0,1.1437167E1],"tree_param":{"num_deleted":"0","num_feature":"29","num_nodes":"15","size_leaf_vector":"1"}},{"base_weights":[-4.4534692E-1,-9.000885E-1,6.6489655E-1,-1.0301954E0,-3.256401E-1,3.0979173E-2,9.7096825E-1,-3.1807435E-1,-6.6939354E-2,-2.149834E-1,3.765568E-1,-2.681408E-1,2.2067639E-1,3.7759966E-1,6.7703545E-2],"categories":[],"categories_nodes":[],"categories_segments":[],"categories_sizes":[],"default_left":[0,0,0,0,0,0,0,0,0,0,0,0,0,0,0],"id":2,"left_children":[1,3,5,7,9,11,13,-1,-1,-1,-1,-1,-1,-1,-1],"loss_changes":[5.2075615E1,5.1024666E0,5.8298464E0,1.19104E0,1.0107404E1,7.7385745E0,4.0761166E0,0E0,0E0,0E0,0E0,0E0,0E0,0E0,0E0],"parents":[2147483647,0,0,1,1,2,2,3,3,4,4,5,5,6,6],"right_children":[2,4,6,8,10,12,14,-1,-1,-1,-1,-1,-1,-1,-1],"split_conditions":[1.4E5,5.882353E-3,2.4852E5,8E0,1.6831683E0,5.089672E3,9.795238E1,-3.1807435E-1,-6.6939354E-2,-2.149834E-1,3.765568E-1,-2.681408E-1,2.2067639E-1,3.7759966E-1,6.7703545E-2],"split_indices":[3,27,3,1,11,6,24,0,0,0,0,0,0,0,0],"split_type":[0,0,0,0,0,0,0,0,0,0,0,0,0,0,0],"sum_hessian":[1.0096042E2,7.1758385E1,2.9202034E1,5.7860252E1,1.3898132E1,9.867101E0,1.9334932E1,5.5480618E1,2.3796337E0,1.1580681E1,2.317451E0,4.1507864E0,5.716315E0,1.3452979E1,5.881953E0],"tree_param":{"num_deleted":"0","num_feature":"29","num_nodes":"15","size_leaf_vector":"1"}},{"base_weights":[-3.898622E-1,-9.25879E-1,3.7026626E-1,-1.0234922E0,-4.1855574E-1,-5.4727155E-1,5.5667824E-1,-3.1350952E-1,-1.1447518E-1,-2.4895501E-1,2.160424E-1,1.8199939E-1,-2.5922945E-1,2.7429774E-1,4.124667E-2],"categories":[],"categories_nodes":[],"categories_segments":[],"categories_sizes":[],"default_left":[0,0,0,0,0,0,0,0,0,0,0,0,0,0,0],"id":3,"left_children":[1,3,5,7,9,11,13,-1,-1,-1,-1,-1,-1,-1,-1],"loss_changes":[3.625845E1,2.1457825E0,6.6618924E0,1.9440079E-1,5.318291E0,3.0031292E0,4.579996E0,0E0,0E0,0E0,0E0,0E0,0E0,0E0,0E0],"parents":[2147483647,0,0,1,1,2,2,3,3,4,4,5,5,6,6],"right_children":[2,4,6,8,10,12,14,-1,-1,-1,-1,-1,-1,-1,-1],"split_conditions":[9.006E4,5.882353E-3,6.736111E-1,1.9444445E-1,1.6623377E0,7.124779E1,2.9032257E-1,-3.1350952E-1,-1.1447518E-1,-2.4895501E-1,2.160424E-1,1.8199939E-1,-2.5922945E-1,2.7429774E-1,4.124667E-2],"split_indices":[3,27,20,10,11,13,26,0,0,0,0,0,0,0,0],"split_type":[0,0,0,0,0,0,0,0,0,0,0,0,0,0,0],"sum_hessian":[8.714913E1,5.0981003E1,3.616813E1,4.190139E1,9.079612E0,5.780438E0,3.038769E1,3.9933407E1,1.9679822E0,6.86957E0,2.210042E0,1.0481354E0,4.7323027E0,1.5760143E1,1.4627547E1],"tree_param":{"num_deleted":"0","num_feature":"29","num_nodes":"15","size_leaf_vector":"1"}},{"base_weights":[-3.3738282E-1,-8.734652E-1,2.560925E-1,5.941923E-2,-9.334832E-1,3.4521084E-2,9.233295E-1,-1.8630463E-1,2.564762E-1,-2.9382432E-1,-6.832987E-2,-3.2685943E-2,3.3445114E-1,-3.4240443E-2,3.8528696E-1],"categories":[],"categories_nodes":[],"categories_segments":[],"categories_sizes":[],"default_left":[0,0,0,0,1,0,0,0,0,0,0,0,0,0,0],"id":4,"left_children":[1,3,5,7,9,11,13,-1,-1,-1,-1,-1,-1,-1,-1],"loss_changes":[2.5001516E1,2.3591995E0,5.546893E0,2.386062E0,1.0319557E0,4.6732554E0,3.6547937E0,0E0,0E0,0E0,0E0,0E0,0E0,0E0,0E0],"parents":[2147483647,0,0,1,1,2,2,3,3,4,4,5,5,6,6],"right_children":[2,4,6,8,10,12,14,-1,-1,-1,-1,-1,-1,-1,-1],"split_conditions":[9.006E4,4.671479E1,5.1636E5,1.5517242E0,1.5325E2,4.8387095E-1,1.1876485E-3,-1.8630463E-1,2.564762E-1,-2.9382432E-1,-6.832987E-2,-3.2685943E-2,3.3445114E-1,-3.4240443E-2,3.8528696E-1],"split_indices":[3,24,3,11,24,21,14,0,0,0,0,0,0,0,0],"split_type":[0,0,0,0,0,0,0,0,0,0,0,0,0,0,0],"sum_hessian":[7.6880554E1,4.0145557E1,3.6735E1,2.4272833E0,3.7718273E1,2.8366865E1,8.368134E0,1.4264799E0,1.0008034E0,3.5049282E1,2.66899E0,2.5834936E1,2.53193E0,2.336479E0,6.0316544E0],"tree_param":{"num_deleted":"0","num_feature":"29","num_nodes":"15","size_leaf_vector":"1"}},{"base_weights":[-2.7937052E-1,-8.36293E-1,2.1880658E-1,-3.0271748E-1,-3.7817785E-1,-2.0413099E-1,6.9595474E-1,3.4907696E-1,-2.0021896E-1,-1.9102488E-1,5.8931515E-2,-9.526787E-4,3.1504446E-1],"categories":[],"categories_nodes":[],"categories_segments":[],"categories_sizes":[],"default_left":[0,0,0,0,0,0,0,0,0,0,0,0,0],"id":5,"left_children":[1,3,5,-1,7,9,11,-1,-1,-1,-1,-1,-1],"loss_changes":[1.9345718E1,2.2158794E0,7.659172E0,0E0,5.497309E0,3.6810224E0,4.3937254E0,0E0,0E0,0E0,0E0,0E0,0E0],"parents":[2147483647,0,0,1,1,2,2,4,4,5,5,6,6],"right_children":[2,4,6,-1,8,10,12,-1,-1,-1,-1,-1,-1],"split_conditions":[2.2779044E-3,1.55521E-3,4.672897E-3,-3.0271748E-1,2.532258E0,2.8235295E-1,4.3283582E-1,3.4907696E-1,-2.0021896E-1,-1.9102488E-1,5.8931515E-2,-9.526787E-4,3.1504446E-1],"split_indices":[27,23,14,0,22,26,19,0,0,0,0,0,0],"split_type":[0,0,0,0,0,0,0,0,0,0,0,0,0],